None,Platformer,GL demo,Platformer,GL demo,Platformer,GL demo
GPU,4.8089,4.28358,4.6985,4.32417,4.85419,4.23301
CPU,7.89585,6.74095,7.82111,6.73833,6.77451,6.01141
SOC,1.80766,1.75385,1.74245,1.75382,1.77074,1.74395
DDR,0.899709,0.912978,0.88906,0.917515,0.891271,0.881271
SYS,2.39728,2.36918,2.38662,2.36964,2.39085,2.35792
