None,Platformer,AR demo,GL demo
GPU,4.209353333,3.663045,4.412633333
CPU,3.43538,3.099265,3.468663333
SOC,2.044776667,1.969545,2.169796667
DDR,0.7757983333,0.6783745,0.905751
SYS,2.315586667,2.288285,2.34555
